config,defense,clip_norm,noise_std,round,accuracy,loss,train_loss,learning_rate,update_norm,clipping_scale,noise_std_recorded
fedsgd_defutil_r50_none,none,0.0,0.0,0,0.1,2.9329,,,,,
fedsgd_defutil_r50_none,none,0.0,0.0,1,0.1018,2.3243,2.376134641778857,0.05,0.11001250353633471,0.9999999999999998,0.0
fedsgd_defutil_r50_none,none,0.0,0.0,2,0.1252,2.2803,2.314733872908855,0.049953771336882564,0.0788646312613515,0.9999999999999998,0.0
fedsgd_defutil_r50_none,none,0.0,0.0,3,0.1554,2.2562,2.2720945229905385,0.04981527531102303,0.06245446482510204,0.9999999999999998,0.0
fedsgd_defutil_r50_none,none,0.0,0.0,4,0.1619,2.2309,2.2551616192507775,0.04958508103229897,0.05764868123206018,0.9999999999999998,0.0
fedsgd_defutil_r50_none,none,0.0,0.0,5,0.179,2.2189,2.2329533985301406,0.049264134418378173,0.05544864116744629,0.9999999999999998,0.0
fedsgd_defutil_r50_none,none,0.0,0.0,6,0.1815,2.1946,2.220471774740776,0.04885375430774004,0.05520271509345594,0.9999999999999998,0.0
fedsgd_defutil_r50_none,none,0.0,0.0,7,0.1853,2.1866,2.2021769904108,0.04835562704028548,0.055849238197733256,0.9999999999999998,0.0
fedsgd_defutil_r50_none,none,0.0,0.0,8,0.1972,2.1636,2.1891673266085943,0.04777179952780443,0.05714974303903672,0.9999999999999998,0.0
fedsgd_defutil_r50_none,none,0.0,0.0,9,0.1926,2.1569,2.1718955614833964,0.04710467084277627,0.058540287980418354,0.9999999999999998,0.0
fedsgd_defutil_r50_none,none,0.0,0.0,10,0.2119,2.1325,2.1612585778653406,0.04635698236006642,0.059270971246099854,0.9999999999999998,0.0
fedsgd_defutil_r50_none,none,0.0,0.0,11,0.2013,2.1252,2.144038594217919,0.04553180649202902,0.05831931725358974,0.9999999999999998,0.0
fedsgd_defutil_r50_none,none,0.0,0.0,12,0.2275,2.1031,2.13010190929125,0.04463253406330553,0.05831325634532755,0.9999999999999998,0.0
fedsgd_defutil_r50_none,none,0.0,0.0,13,0.2049,2.094,2.115324848121068,0.04366286037719887,0.05567407922751173,0.9999999999999998,0.0
fedsgd_defutil_r50_none,none,0.0,0.0,14,0.2376,2.0744,2.1006655896912276,0.04262677003087963,0.05345363382940588,0.9999999999999998,0.0
fedsgd_defutil_r50_none,none,0.0,0.0,15,0.2134,2.0628,2.0890129992434834,0.04152852054182151,0.04990299995887088,0.9999999999999998,0.0
fedsgd_defutil_r50_none,none,0.0,0.0,16,0.2426,2.044,2.0732658860611792,0.040372624852748826,0.04591877215896611,0.9999999999999998,0.0
fedsgd_defutil_r50_none,none,0.0,0.0,17,0.2324,2.0328,2.0609421341638217,0.03916383278698681,0.04193814872188046,0.9999999999999998,0.0
fedsgd_defutil_r50_none,none,0.0,0.0,18,0.248,2.017,2.0480285202767217,0.0379071115304188,0.03688522226576853,0.9999999999999998,0.0
fedsgd_defutil_r50_none,none,0.0,0.0,19,0.2524,2.0055,2.037796696839771,0.03660762522025386,0.03282368635548547,0.9999999999999998,0.0
fedsgd_defutil_r50_none,none,0.0,0.0,20,0.2526,1.9933,2.026119110911982,0.03527071372447942,0.02848582915575969,0.9999999999999998,0.0
fedsgd_defutil_r50_none,none,0.0,0.0,21,0.2649,1.9834,2.015613902156976,0.033901870699198235,0.02536581167699291,0.9999999999999998,0.0
fedsgd_defutil_r50_none,none,0.0,0.0,22,0.2637,1.9735,2.0058410186649316,0.032506721014017075,0.022872549048323868,0.9999999999999998,0.0
fedsgd_defutil_r50_none,none,0.0,0.0,23,0.2728,1.9655,1.996650580400419,0.03109099763825104,0.02118563195355686,0.9999999999999998,0.0
fedsgd_defutil_r50_none,none,0.0,0.0,24,0.269,1.9584,1.9909568294309796,0.029660518082922846,0.01977424257049737,0.9999999999999998,0.0
fedsgd_defutil_r50_none,none,0.0,0.0,25,0.2734,1.9514,1.9824740197504869,0.02822116049536225,0.018648175415111913,0.9999999999999998,0.0
fedsgd_defutil_r50_none,none,0.0,0.0,26,0.2729,1.945,1.9764157845572334,0.026778839504637757,0.01752964252807862,0.9999999999999998,0.0
fedsgd_defutil_r50_none,none,0.0,0.0,27,0.2767,1.939,1.9688951048447352,0.025339481917077168,0.016534667371302027,0.9999999999999998,0.0
fedsgd_defutil_r50_none,none,0.0,0.0,28,0.276,1.9339,1.964955855109726,0.02390900236174898,0.015444958535835605,0.9999999999999998,0.0
fedsgd_defutil_r50_none,none,0.0,0.0,29,0.2788,1.9286,1.9590786579543513,0.02249327898598293,0.014507567022832896,0.9999999999999998,0.0
fedsgd_defutil_r50_none,none,0.0,0.0,30,0.2794,1.9243,1.9546167518718343,0.021098129300801773,0.013608057236145148,0.9999999999999998,0.0
fedsgd_defutil_r50_none,none,0.0,0.0,31,0.2814,1.9202,1.951588186575619,0.019729286275520584,0.012601866271341034,0.9999999999999998,0.0
fedsgd_defutil_r50_none,none,0.0,0.0,32,0.282,1.9165,1.9469582094979994,0.018392374779746142,0.011758627237815318,0.9999999999999998,0.0
fedsgd_defutil_r50_none,none,0.0,0.0,33,0.2843,1.9128,1.9434417720985229,0.017092888469581215,0.010808586916855115,0.9999999999999998,0.0
fedsgd_defutil_r50_none,none,0.0,0.0,34,0.2859,1.9101,1.9394986458650632,0.01583616721301319,0.010032981005815105,0.9999999999999998,0.0
fedsgd_defutil_r50_none,none,0.0,0.0,35,0.2857,1.907,1.936041963011618,0.014627375147251192,0.009263065378657334,0.9999999999999998,0.0
fedsgd_defutil_r50_none,none,0.0,0.0,36,0.2879,1.9041,1.9338079518607583,0.013471479458178498,0.008480045179774935,0.9999999999999998,0.0
fedsgd_defutil_r50_none,none,0.0,0.0,37,0.288,1.9016,1.9314382363691398,0.01237322996912037,0.0077736940430556895,0.9999999999999998,0.0
fedsgd_defutil_r50_none,none,0.0,0.0,38,0.2891,1.8998,1.929128967444237,0.011337139622801133,0.007082042156956776,0.9999999999999998,0.0
fedsgd_defutil_r50_none,none,0.0,0.0,39,0.2899,1.8974,1.9249050285441975,0.010367465936694477,0.006481773085210252,0.9999999999999998,0.0
fedsgd_defutil_r50_none,none,0.0,0.0,40,0.2907,1.8958,1.924892239561319,0.00946819350797098,0.0059076861970593616,0.9999999999999998,0.0
fedsgd_defutil_r50_none,none,0.0,0.0,41,0.2905,1.8944,1.9244140130209026,0.008643017639933586,0.005340169407112508,0.9999999999999998,0.0
fedsgd_defutil_r50_none,none,0.0,0.0,42,0.2911,1.8928,1.9206251745921648,0.007895329157223739,0.004875103225837457,0.9999999999999998,0.0
fedsgd_defutil_r50_none,none,0.0,0.0,43,0.2929,1.8915,1.9211250656908456,0.0072282004721955714,0.004485542125519527,0.9999999999999998,0.0
fedsgd_defutil_r50_none,none,0.0,0.0,44,0.2929,1.8901,1.9179354178928731,0.0066443729597145135,0.004125713927990215,0.9999999999999998,0.0
fedsgd_defutil_r50_none,none,0.0,0.0,45,0.2934,1.889,1.9164928943850148,0.006146245692259956,0.003809247201624715,0.9999999999999998,0.0
fedsgd_defutil_r50_none,none,0.0,0.0,46,0.2935,1.8884,1.916767003148894,0.005735865581621837,0.003525290262354372,0.9999999999999998,0.0
fedsgd_defutil_r50_none,none,0.0,0.0,47,0.2945,1.8872,1.9153502541688974,0.005414918967701028,0.003342018034747591,0.9999999999999998,0.0
fedsgd_defutil_r50_none,none,0.0,0.0,48,0.294,1.8859,1.9133069138388863,0.005184724688976964,0.0031903759608151584,0.9999999999999998,0.0
fedsgd_defutil_r50_none,none,0.0,0.0,49,0.2952,1.8847,1.9111079250289722,0.005046228663117433,0.003109431010822307,0.9999999999999998,0.0
fedsgd_defutil_r50_none,none,0.0,0.0,50,0.2955,1.8844,1.9134451576075355,0.005,0.003077379781718131,0.9999999999999998,0.0
fedsgd_defutil_r50_clip_c005,clipping,0.05,0.0,0,0.1,2.9329,,,,,
fedsgd_defutil_r50_clip_c005,clipping,0.05,0.0,1,0.0934,2.3128,2.376134641778857,0.05,0.11001250353633471,0.4547238109232786,0.0
fedsgd_defutil_r50_clip_c005,clipping,0.05,0.0,2,0.1258,2.2832,2.3071610796802657,0.049953771336882564,0.05341130481864597,0.9364527581656029,0.0
fedsgd_defutil_r50_clip_c005,clipping,0.05,0.0,3,0.1511,2.2572,2.2760180832356283,0.04981527531102303,0.0429199815406122,0.9999999999999998,0.0
fedsgd_defutil_r50_clip_c005,clipping,0.05,0.0,4,0.167,2.2339,2.2549616465408078,0.04958508103229897,0.039422558724326616,0.9999999999999998,0.0
fedsgd_defutil_r50_clip_c005,clipping,0.05,0.0,5,0.1795,2.2158,2.235835831155419,0.049264134418378173,0.037277076133234464,0.9999999999999998,0.0
fedsgd_defutil_r50_clip_c005,clipping,0.05,0.0,6,0.1843,2.1973,2.21949567732331,0.04885375430774004,0.03609375645219758,0.9999999999999998,0.0
fedsgd_defutil_r50_clip_c005,clipping,0.05,0.0,7,0.195,2.1802,2.2036926942477497,0.04835562704028548,0.03564496069248348,0.9999999999999998,0.0
fedsgd_defutil_r50_clip_c005,clipping,0.05,0.0,8,0.2024,2.1633,2.186232454437358,0.04777179952780443,0.03489008405210867,0.9999999999999998,0.0
fedsgd_defutil_r50_clip_c005,clipping,0.05,0.0,9,0.2061,2.1471,2.171140019193495,0.04710467084277627,0.03457656277155401,0.9999999999999998,0.0
fedsgd_defutil_r50_clip_c005,clipping,0.05,0.0,10,0.217,2.129,2.1563543124379883,0.04635698236006642,0.03399512740048124,0.9999999999999998,0.0
fedsgd_defutil_r50_clip_c005,clipping,0.05,0.0,11,0.2192,2.1139,2.141235721463578,0.04553180649202902,0.03342167779306297,0.9999999999999998,0.0
fedsgd_defutil_r50_clip_c005,clipping,0.05,0.0,12,0.2269,2.0972,2.125407908807916,0.04463253406330553,0.03251785926509275,0.9999999999999998,0.0
fedsgd_defutil_r50_clip_c005,clipping,0.05,0.0,13,0.2314,2.0836,2.111314826252711,0.04366286037719887,0.03157583242021022,0.9999999999999998,0.0
fedsgd_defutil_r50_clip_c005,clipping,0.05,0.0,14,0.2373,2.0696,2.0980590477163323,0.04262677003087963,0.030613950808922825,0.9999999999999998,0.0
fedsgd_defutil_r50_clip_c005,clipping,0.05,0.0,15,0.2378,2.0563,2.0863032229179512,0.04152852054182151,0.02952107920616089,0.9999999999999998,0.0
fedsgd_defutil_r50_clip_c005,clipping,0.05,0.0,16,0.243,2.0432,2.073652261066117,0.040372624852748826,0.028365906337090293,0.9999999999999998,0.0
fedsgd_defutil_r50_clip_c005,clipping,0.05,0.0,17,0.246,2.0322,2.0615121704666928,0.03916383278698681,0.02738468588798191,0.9999999999999998,0.0
fedsgd_defutil_r50_clip_c005,clipping,0.05,0.0,18,0.2492,2.0207,2.051542262410133,0.0379071115304188,0.026185379731021564,0.9999999999999998,0.0
fedsgd_defutil_r50_clip_c005,clipping,0.05,0.0,19,0.2526,2.0105,2.042082974014118,0.03660762522025386,0.02520767099850982,0.9999999999999998,0.0
fedsgd_defutil_r50_clip_c005,clipping,0.05,0.0,20,0.2568,2.0,2.0321626452435444,0.03527071372447942,0.02416146675880943,0.9999999999999998,0.0
fedsgd_defutil_r50_clip_c005,clipping,0.05,0.0,21,0.2594,1.9908,2.02223086961538,0.033901870699198235,0.02305250664667853,0.9999999999999998,0.0
fedsgd_defutil_r50_clip_c005,clipping,0.05,0.0,22,0.2631,1.9813,2.013032559997064,0.032506721014017075,0.021838106593042885,0.9999999999999998,0.0
fedsgd_defutil_r50_clip_c005,clipping,0.05,0.0,23,0.2672,1.9733,2.0040301906090328,0.03109099763825104,0.020856053973940917,0.9999999999999998,0.0
fedsgd_defutil_r50_clip_c005,clipping,0.05,0.0,24,0.2684,1.9662,1.9982466762784397,0.029660518082922846,0.01971248588299135,0.9999999999999998,0.0
fedsgd_defutil_r50_clip_c005,clipping,0.05,0.0,25,0.2713,1.9589,1.9897350032983216,0.02822116049536225,0.018702881117010708,0.9999999999999998,0.0
fedsgd_defutil_r50_clip_c005,clipping,0.05,0.0,26,0.271,1.9523,1.9834964985286925,0.026778839504637757,0.01763389694926676,0.9999999999999998,0.0
fedsgd_defutil_r50_clip_c005,clipping,0.05,0.0,27,0.2743,1.9459,1.9759624735749575,0.025339481917077168,0.016714969369522246,0.9999999999999998,0.0
fedsgd_defutil_r50_clip_c005,clipping,0.05,0.0,28,0.2738,1.9409,1.9717206541517567,0.02390900236174898,0.015521016170583357,0.9999999999999998,0.0
fedsgd_defutil_r50_clip_c005,clipping,0.05,0.0,29,0.2766,1.9355,1.9657972579872889,0.02249327898598293,0.01461138503810959,0.9999999999999998,0.0
fedsgd_defutil_r50_clip_c005,clipping,0.05,0.0,30,0.2777,1.9309,1.9612045681496264,0.021098129300801773,0.013651357855176717,0.9999999999999998,0.0
fedsgd_defutil_r50_clip_c005,clipping,0.05,0.0,31,0.2798,1.9268,1.9582021946823356,0.019729286275520584,0.012672959042184868,0.9999999999999998,0.0
fedsgd_defutil_r50_clip_c005,clipping,0.05,0.0,32,0.2824,1.9229,1.9533112337246044,0.018392374779746142,0.01184228029542811,0.9999999999999998,0.0
fedsgd_defutil_r50_clip_c005,clipping,0.05,0.0,33,0.282,1.919,1.9497716280810686,0.017092888469581215,0.010872114647888242,0.9999999999999998,0.0
fedsgd_defutil_r50_clip_c005,clipping,0.05,0.0,34,0.2826,1.9161,1.9457382363995062,0.01583616721301319,0.010100279943319468,0.9999999999999998,0.0
fedsgd_defutil_r50_clip_c005,clipping,0.05,0.0,35,0.2839,1.9131,1.9421876861283858,0.014627375147251192,0.00927744233705369,0.9999999999999998,0.0
fedsgd_defutil_r50_clip_c005,clipping,0.05,0.0,36,0.2856,1.9102,1.9399923001463946,0.013471479458178498,0.008522601572180042,0.9999999999999998,0.0
fedsgd_defutil_r50_clip_c005,clipping,0.05,0.0,37,0.2866,1.9076,1.9373888343541323,0.01237322996912037,0.007817457867843103,0.9999999999999998,0.0
fedsgd_defutil_r50_clip_c005,clipping,0.05,0.0,38,0.2867,1.9056,1.9350227701395142,0.011337139622801133,0.007082487219711567,0.9999999999999998,0.0
fedsgd_defutil_r50_clip_c005,clipping,0.05,0.0,39,0.2879,1.9033,1.9308455668602522,0.010367465936694477,0.006510379424571446,0.9999999999999998,0.0
fedsgd_defutil_r50_clip_c005,clipping,0.05,0.0,40,0.2893,1.9016,1.9307380058543788,0.00946819350797098,0.0059362237911094505,0.9999999999999998,0.0
fedsgd_defutil_r50_clip_c005,clipping,0.05,0.0,41,0.289,1.9002,1.930080199850828,0.008643017639933586,0.005379824354716829,0.9999999999999998,0.0
fedsgd_defutil_r50_clip_c005,clipping,0.05,0.0,42,0.2902,1.8985,1.9263293564191455,0.007895329157223739,0.004912871803957124,0.9999999999999998,0.0
fedsgd_defutil_r50_clip_c005,clipping,0.05,0.0,43,0.2905,1.8972,1.9269001433012325,0.0072282004721955714,0.004508140566599314,0.9999999999999998,0.0
fedsgd_defutil_r50_clip_c005,clipping,0.05,0.0,44,0.2906,1.8958,1.9236331103092323,0.0066443729597145135,0.004140074557145428,0.9999999999999998,0.0
fedsgd_defutil_r50_clip_c005,clipping,0.05,0.0,45,0.2923,1.8946,1.9221558172444448,0.006146245692259956,0.0038325829483501425,0.9999999999999998,0.0
fedsgd_defutil_r50_clip_c005,clipping,0.05,0.0,46,0.2917,1.894,1.9224209674591242,0.005735865581621837,0.003548294667859504,0.9999999999999998,0.0
fedsgd_defutil_r50_clip_c005,clipping,0.05,0.0,47,0.2925,1.8928,1.920937178164603,0.005414918967701028,0.0033561504319816107,0.9999999999999998,0.0
fedsgd_defutil_r50_clip_c005,clipping,0.05,0.0,48,0.2927,1.8915,1.9189237283881866,0.005184724688976964,0.0032024844328978246,0.9999999999999998,0.0
fedsgd_defutil_r50_clip_c005,clipping,0.05,0.0,49,0.2941,1.8903,1.9167501251306158,0.005046228663117433,0.003127842104912825,0.9999999999999998,0.0
fedsgd_defutil_r50_clip_c005,clipping,0.05,0.0,50,0.2938,1.8898,1.918996999034751,0.005,0.003089199589230196,0.9999999999999998,0.0
fedsgd_defutil_r50_clip_c001,clipping,0.01,0.0,0,0.1,2.9329,,,,,
fedsgd_defutil_r50_clip_c001,clipping,0.01,0.0,1,0.0963,2.3548,2.376134641778857,0.05,0.11001250353633471,0.09094476218465572,0.0
fedsgd_defutil_r50_clip_c001,clipping,0.01,0.0,2,0.0964,2.3395,2.355721935247611,0.049953771336882564,0.0952699131873603,0.10504002534782039,0.0
fedsgd_defutil_r50_clip_c001,clipping,0.01,0.0,3,0.0982,2.3262,2.33918804847942,0.04981527531102303,0.08202209642396414,0.12202050398572035,0.0
fedsgd_defutil_r50_clip_c001,clipping,0.01,0.0,4,0.0989,2.3153,2.3263552408348565,0.04958508103229897,0.07054236436537387,0.14189355794312078,0.0
fedsgd_defutil_r50_clip_c001,clipping,0.01,0.0,5,0.1015,2.3056,2.314093256981422,0.049264134418378173,0.061068608036385016,0.16387252562866927,0.0
fedsgd_defutil_r50_clip_c001,clipping,0.01,0.0,6,0.1081,2.2969,2.3041908517468723,0.04885375430774004,0.053110159434912006,0.18845136403914078,0.0
fedsgd_defutil_r50_clip_c001,clipping,0.01,0.0,7,0.1168,2.2898,2.2968608723252326,0.04835562704028548,0.04781988217781824,0.209182122688667,0.0
fedsgd_defutil_r50_clip_c001,clipping,0.01,0.0,8,0.1287,2.2829,2.2872471394279703,0.04777179952780443,0.04361569204548057,0.22933151887380632,0.0
fedsgd_defutil_r50_clip_c001,clipping,0.01,0.0,9,0.1343,2.2765,2.281190291614114,0.04710467084277627,0.04111001090994566,0.2432668457256854,0.0
fedsgd_defutil_r50_clip_c001,clipping,0.01,0.0,10,0.142,2.2702,2.2754785845390444,0.04635698236006642,0.03883432376653118,0.2575237869901876,0.0
fedsgd_defutil_r50_clip_c001,clipping,0.01,0.0,11,0.1471,2.2643,2.2694029494985184,0.04553180649202902,0.0373074101926139,0.2680864405713744,0.0
fedsgd_defutil_r50_clip_c001,clipping,0.01,0.0,12,0.1506,2.2586,2.263376189134164,0.04463253406330553,0.035900452658511696,0.278649633104623,0.0
fedsgd_defutil_r50_clip_c001,clipping,0.01,0.0,13,0.155,2.253,2.2584842955316864,0.04366286037719887,0.03456539243382957,0.28938470839298597,0.0
fedsgd_defutil_r50_clip_c001,clipping,0.01,0.0,14,0.1558,2.2476,2.253058735099612,0.04262677003087963,0.033276290170406155,0.30067961420374145,0.0
fedsgd_defutil_r50_clip_c001,clipping,0.01,0.0,15,0.16,2.2421,2.2489696522522964,0.04152852054182151,0.0319050944561286,0.3135660532473838,0.0
fedsgd_defutil_r50_clip_c001,clipping,0.01,0.0,16,0.1629,2.2369,2.2431677215498347,0.040372624852748826,0.030817312466553348,0.3246167422677846,0.0
fedsgd_defutil_r50_clip_c001,clipping,0.01,0.0,17,0.1663,2.2317,2.239268735573467,0.03916383278698681,0.02976739827015038,0.33607521691328807,0.0
fedsgd_defutil_r50_clip_c001,clipping,0.01,0.0,18,0.1687,2.2265,2.234235359839281,0.0379071115304188,0.028593076122492064,0.3498703287210387,0.0
fedsgd_defutil_r50_clip_c001,clipping,0.01,0.0,19,0.1723,2.2216,2.229596857965228,0.03660762522025386,0.0273249097893237,0.3661143059718162,0.0
fedsgd_defutil_r50_clip_c001,clipping,0.01,0.0,20,0.174,2.2164,2.2258228256890904,0.03527071372447942,0.02634490872460171,0.37980036091121194,0.0
fedsgd_defutil_r50_clip_c001,clipping,0.01,0.0,21,0.1772,2.2114,2.2207081713815455,0.033901870699198235,0.02515536585382257,0.39766265430336856,0.0
fedsgd_defutil_r50_clip_c001,clipping,0.01,0.0,22,0.1793,2.2064,2.2159008805027804,0.032506721014017075,0.02415064577113097,0.41418435163806355,0.0
fedsgd_defutil_r50_clip_c001,clipping,0.01,0.0,23,0.182,2.2012,2.210276348864211,0.03109099763825104,0.023146446752825543,0.43213146343902986,0.0
fedsgd_defutil_r50_clip_c001,clipping,0.01,0.0,24,0.1835,2.1965,2.2061087224321234,0.029660518082922846,0.02186769944273337,0.4574804496593381,0.0
fedsgd_defutil_r50_clip_c001,clipping,0.01,0.0,25,0.1865,2.1913,2.2013957589988418,0.02822116049536225,0.02082053027288764,0.4804260826545712,0.0
fedsgd_defutil_r50_clip_c001,clipping,0.01,0.0,26,0.1899,2.186,2.197392013718041,0.026778839504637757,0.019785552143019015,0.5054770063331424,0.0
fedsgd_defutil_r50_clip_c001,clipping,0.01,0.0,27,0.192,2.181,2.192111966276033,0.025339481917077168,0.018790311191417844,0.5323285117867496,0.0
fedsgd_defutil_r50_clip_c001,clipping,0.01,0.0,28,0.1938,2.1761,2.187245867706441,0.02390900236174898,0.01766513983106536,0.5663293119384352,0.0
fedsgd_defutil_r50_clip_c001,clipping,0.01,0.0,29,0.1956,2.1704,2.1831520335591668,0.02249327898598293,0.016560292460612608,0.6040721172819207,0.0
fedsgd_defutil_r50_clip_c001,clipping,0.01,0.0,30,0.1976,2.166,2.179136190791626,0.021098129300801773,0.015614888520719567,0.6406937160151455,0.0
fedsgd_defutil_r50_clip_c001,clipping,0.01,0.0,31,0.2001,2.1609,2.174945418241829,0.019729286275520584,0.014604100331190391,0.6851310584842212,0.0
fedsgd_defutil_r50_clip_c001,clipping,0.01,0.0,32,0.2047,2.1554,2.17023711812765,0.018392374779746142,0.013539207708443534,0.7389992054460897,0.0
fedsgd_defutil_r50_clip_c001,clipping,0.01,0.0,33,0.2062,2.1505,2.165014486276148,0.017092888469581215,0.01258823906852763,0.79469191040834,0.0
fedsgd_defutil_r50_clip_c001,clipping,0.01,0.0,34,0.2086,2.145,2.159783948307675,0.01583616721301319,0.011648766067592648,0.8587271268731023,0.0
fedsgd_defutil_r50_clip_c001,clipping,0.01,0.0,35,0.2086,2.14,2.1558967260630335,0.014627375147251192,0.010717628735454164,0.9333893474023641,0.0
fedsgd_defutil_r50_clip_c001,clipping,0.01,0.0,36,0.2114,2.1353,2.1520241683432744,0.013471479458178498,0.009989877945103975,0.9929468563508355,0.0
fedsgd_defutil_r50_clip_c001,clipping,0.01,0.0,37,0.2128,2.1305,2.1465524658869968,0.01237322996912037,0.0091358410114465,0.9999999999999998,0.0
fedsgd_defutil_r50_clip_c001,clipping,0.01,0.0,38,0.2124,2.1267,2.142476629379946,0.011337139622801133,0.008262944870046172,0.9999999999999998,0.0
fedsgd_defutil_r50_clip_c001,clipping,0.01,0.0,39,0.2166,2.1225,2.1373280659157774,0.010367465936694477,0.007611520501652586,0.9999999999999998,0.0
fedsgd_defutil_r50_clip_c001,clipping,0.01,0.0,40,0.2179,2.1187,2.1356020393392567,0.00946819350797098,0.006897916862966225,0.9999999999999998,0.0
fedsgd_defutil_r50_clip_c001,clipping,0.01,0.0,41,0.2177,2.1161,2.1327164357790642,0.008643017639933586,0.006301283216922771,0.9999999999999998,0.0
fedsgd_defutil_r50_clip_c001,clipping,0.01,0.0,42,0.2208,2.113,2.128612639194811,0.007895329157223739,0.005757521786165629,0.9999999999999998,0.0
fedsgd_defutil_r50_clip_c001,clipping,0.01,0.0,43,0.2214,2.1107,2.1276406652897952,0.0072282004721955714,0.005271069342881006,0.9999999999999998,0.0
fedsgd_defutil_r50_clip_c001,clipping,0.01,0.0,44,0.2232,2.1077,2.12392025393506,0.0066443729597145135,0.004842471730449633,0.9999999999999998,0.0
fedsgd_defutil_r50_clip_c001,clipping,0.01,0.0,45,0.2235,2.1058,2.1225163152059427,0.006146245692259956,0.0044767766800875835,0.9999999999999998,0.0
fedsgd_defutil_r50_clip_c001,clipping,0.01,0.0,46,0.2245,2.104,2.1197479486382003,0.005735865581621837,0.0041662771709402475,0.9999999999999998,0.0
fedsgd_defutil_r50_clip_c001,clipping,0.01,0.0,47,0.2253,2.1019,2.117687823945412,0.005414918967701028,0.003929630774663092,0.9999999999999998,0.0
fedsgd_defutil_r50_clip_c001,clipping,0.01,0.0,48,0.2272,2.0999,2.115423884807369,0.005184724688976964,0.0037375405188858984,0.9999999999999998,0.0
fedsgd_defutil_r50_clip_c001,clipping,0.01,0.0,49,0.2283,2.0981,2.113563322390286,0.005046228663117433,0.003657186055020449,0.9999999999999998,0.0
fedsgd_defutil_r50_clip_c001,clipping,0.01,0.0,50,0.2283,2.0964,2.1144894669965435,0.005,0.003599216104397313,0.9999999999999998,0.0
fedsgd_defutil_r50_noise_s000001,noise,0.0,1e-05,0,0.1,2.9329,,,,,
fedsgd_defutil_r50_noise_s000001,noise,0.0,1e-05,1,0.1014,2.3243,2.376134641778857,0.05,0.11001250353633471,0.9999999999999998,1e-05
fedsgd_defutil_r50_noise_s000001,noise,0.0,1e-05,2,0.1247,2.2803,2.314740617630857,0.049953771336882564,0.07886975780211393,0.9999999999999998,1e-05
fedsgd_defutil_r50_noise_s000001,noise,0.0,1e-05,3,0.155,2.2562,2.272119834200252,0.04981527531102303,0.062457428222657284,0.9999999999999998,1e-05
fedsgd_defutil_r50_noise_s000001,noise,0.0,1e-05,4,0.1612,2.231,2.255192205115398,0.04958508103229897,0.05767910326475027,0.9999999999999998,1e-05
fedsgd_defutil_r50_noise_s000001,noise,0.0,1e-05,5,0.1787,2.2189,2.232967786618701,0.049264134418378173,0.05542246426194288,0.9999999999999998,1e-05
fedsgd_defutil_r50_noise_s000001,noise,0.0,1e-05,6,0.1815,2.1948,2.2204802216658073,0.04885375430774004,0.05521052885986687,0.9999999999999998,1e-05
fedsgd_defutil_r50_noise_s000001,noise,0.0,1e-05,7,0.1848,2.1867,2.202213241860976,0.04835562704028548,0.05581605010225649,0.9999999999999998,1e-05
fedsgd_defutil_r50_noise_s000001,noise,0.0,1e-05,8,0.1969,2.1639,2.189204513993858,0.04777179952780443,0.05719664289828727,0.9999999999999998,1e-05
fedsgd_defutil_r50_noise_s000001,noise,0.0,1e-05,9,0.1921,2.1569,2.171916550138878,0.04710467084277627,0.058502555271722656,0.9999999999999998,1e-05
fedsgd_defutil_r50_noise_s000001,noise,0.0,1e-05,10,0.2121,2.1329,2.1613332950220663,0.04635698236006642,0.059274776261783235,0.9999999999999998,1e-05
fedsgd_defutil_r50_noise_s000001,noise,0.0,1e-05,11,0.2009,2.1252,2.144097529945925,0.04553180649202902,0.05829212613989815,0.9999999999999998,1e-05
fedsgd_defutil_r50_noise_s000001,noise,0.0,1e-05,12,0.2265,2.1029,2.130134927194663,0.04463253406330553,0.058253619357082204,0.9999999999999998,1e-05
fedsgd_defutil_r50_noise_s000001,noise,0.0,1e-05,13,0.2056,2.094,2.1153328590520863,0.04366286037719887,0.05560134390706306,0.9999999999999998,1e-05
fedsgd_defutil_r50_noise_s000001,noise,0.0,1e-05,14,0.2369,2.074,2.100690232341817,0.04262677003087963,0.05338316297525465,0.9999999999999998,1e-05
fedsgd_defutil_r50_noise_s000001,noise,0.0,1e-05,15,0.2135,2.0627,2.088925965005526,0.04152852054182151,0.04974139699499765,0.9999999999999998,1e-05
fedsgd_defutil_r50_noise_s000001,noise,0.0,1e-05,16,0.2433,2.0441,2.073244163087442,0.040372624852748826,0.04581313110231203,0.9999999999999998,1e-05
fedsgd_defutil_r50_noise_s000001,noise,0.0,1e-05,17,0.2322,2.0327,2.060869390067175,0.03916383278698681,0.04180523532776318,0.9999999999999998,1e-05
fedsgd_defutil_r50_noise_s000001,noise,0.0,1e-05,18,0.2475,2.0167,2.0480126863456056,0.0379071115304188,0.0367508616455466,0.9999999999999998,1e-05
fedsgd_defutil_r50_noise_s000001,noise,0.0,1e-05,19,0.2524,2.0054,2.0377103527150537,0.03660762522025386,0.03274022420766106,0.9999999999999998,1e-05
fedsgd_defutil_r50_noise_s000001,noise,0.0,1e-05,20,0.2529,1.9932,2.026024995955761,0.03527071372447942,0.028372849250487345,0.9999999999999998,1e-05
fedsgd_defutil_r50_noise_s000001,noise,0.0,1e-05,21,0.2643,1.9834,2.015574910425056,0.033901870699198235,0.025315870753128016,0.9999999999999998,1e-05
fedsgd_defutil_r50_noise_s000001,noise,0.0,1e-05,22,0.2638,1.9734,2.0058393917582538,0.032506721014017075,0.022852725432957046,0.9999999999999998,1e-05
fedsgd_defutil_r50_noise_s000001,noise,0.0,1e-05,23,0.2739,1.9655,1.9966594797234827,0.03109099763825104,0.021147595590719156,0.9999999999999998,1e-05
fedsgd_defutil_r50_noise_s000001,noise,0.0,1e-05,24,0.2693,1.9585,1.990906609863727,0.029660518082922846,0.0197424266180567,0.9999999999999998,1e-05
fedsgd_defutil_r50_noise_s000001,noise,0.0,1e-05,25,0.2732,1.9514,1.9824977289933527,0.02822116049536225,0.018637586736650093,0.9999999999999998,1e-05
fedsgd_defutil_r50_noise_s000001,noise,0.0,1e-05,26,0.2723,1.9452,1.97631965586469,0.026778839504637757,0.017539879570169486,0.9999999999999998,1e-05
fedsgd_defutil_r50_noise_s000001,noise,0.0,1e-05,27,0.2752,1.939,1.9689319403542656,0.025339481917077168,0.016583044098970403,0.9999999999999998,1e-05
fedsgd_defutil_r50_noise_s000001,noise,0.0,1e-05,28,0.2766,1.934,1.96491065746105,0.02390900236174898,0.015460424561750553,0.9999999999999998,1e-05
fedsgd_defutil_r50_noise_s000001,noise,0.0,1e-05,29,0.2788,1.9287,1.9590836288011146,0.02249327898598293,0.014499792598199657,0.9999999999999998,1e-05
fedsgd_defutil_r50_noise_s000001,noise,0.0,1e-05,30,0.2796,1.9243,1.9546290144478538,0.021098129300801773,0.01360626021615054,0.9999999999999998,1e-05
fedsgd_defutil_r50_noise_s000001,noise,0.0,1e-05,31,0.2815,1.9202,1.9516483290957607,0.019729286275520584,0.012607170227377461,0.9999999999999998,1e-05
fedsgd_defutil_r50_noise_s000001,noise,0.0,1e-05,32,0.2829,1.9166,1.9469637723676956,0.018392374779746142,0.011770232989543074,0.9999999999999998,1e-05
fedsgd_defutil_r50_noise_s000001,noise,0.0,1e-05,33,0.2838,1.9129,1.9434495720662346,0.017092888469581215,0.010799927036178061,0.9999999999999998,1e-05
fedsgd_defutil_r50_noise_s000001,noise,0.0,1e-05,34,0.2858,1.9101,1.9395180901585056,0.01583616721301319,0.010071959874945106,0.9999999999999998,1e-05
fedsgd_defutil_r50_noise_s000001,noise,0.0,1e-05,35,0.2856,1.907,1.9360063716801257,0.014627375147251192,0.009248491484071843,0.9999999999999998,1e-05
fedsgd_defutil_r50_noise_s000001,noise,0.0,1e-05,36,0.2865,1.9042,1.9337409839814192,0.013471479458178498,0.008478232117831636,0.9999999999999998,1e-05
fedsgd_defutil_r50_noise_s000001,noise,0.0,1e-05,37,0.2878,1.9017,1.9314139727753599,0.01237322996912037,0.007745591720532716,0.9999999999999998,1e-05
fedsgd_defutil_r50_noise_s000001,noise,0.0,1e-05,38,0.2882,1.8998,1.9291517824773534,0.011337139622801133,0.007076924931480747,0.9999999999999998,1e-05
fedsgd_defutil_r50_noise_s000001,noise,0.0,1e-05,39,0.2877,1.8974,1.924913176715812,0.010367465936694477,0.006488380543378157,0.9999999999999998,1e-05
fedsgd_defutil_r50_noise_s000001,noise,0.0,1e-05,40,0.2897,1.8958,1.924902085405784,0.00946819350797098,0.005912602246078676,0.9999999999999998,1e-05
fedsgd_defutil_r50_noise_s000001,noise,0.0,1e-05,41,0.2889,1.8945,1.924409119664052,0.008643017639933586,0.005348519458763271,0.9999999999999998,1e-05
fedsgd_defutil_r50_noise_s000001,noise,0.0,1e-05,42,0.2905,1.8928,1.9206595198858607,0.007895329157223739,0.004906615446657845,0.9999999999999998,1e-05
fedsgd_defutil_r50_noise_s000001,noise,0.0,1e-05,43,0.2913,1.8915,1.9211367337165686,0.0072282004721955714,0.004476129463555509,0.9999999999999998,1e-05
fedsgd_defutil_r50_noise_s000001,noise,0.0,1e-05,44,0.2921,1.8901,1.9179978610289157,0.0066443729597145135,0.004121111526354552,0.9999999999999998,1e-05
fedsgd_defutil_r50_noise_s000001,noise,0.0,1e-05,45,0.2925,1.889,1.9165743469649528,0.006146245692259956,0.00380314916223024,0.9999999999999998,1e-05
fedsgd_defutil_r50_noise_s000001,noise,0.0,1e-05,46,0.2934,1.8885,1.9167847052783549,0.005735865581621837,0.0035210598133649405,0.9999999999999998,1e-05
fedsgd_defutil_r50_noise_s000001,noise,0.0,1e-05,47,0.2941,1.8872,1.9154046281968793,0.005414918967701028,0.003342180545414331,0.9999999999999998,1e-05
fedsgd_defutil_r50_noise_s000001,noise,0.0,1e-05,48,0.2942,1.8859,1.9134118713744375,0.005184724688976964,0.003194008259457973,0.9999999999999998,1e-05
fedsgd_defutil_r50_noise_s000001,noise,0.0,1e-05,49,0.2951,1.8847,1.911162289853537,0.005046228663117433,0.003118567047011774,0.9999999999999998,1e-05
fedsgd_defutil_r50_noise_s000001,noise,0.0,1e-05,50,0.2953,1.8844,1.913427226441736,0.005,0.0030720436601789245,0.9999999999999998,1e-05
fedsgd_defutil_r50_noise_s000005,noise,0.0,5e-05,0,0.1,2.9329,,,,,
fedsgd_defutil_r50_noise_s000005,noise,0.0,5e-05,1,0.1013,2.3243,2.376134641778857,0.05,0.11001250353633471,0.9999999999999998,4.9999999999999996e-05
fedsgd_defutil_r50_noise_s000005,noise,0.0,5e-05,2,0.1252,2.2803,2.314735687508023,0.049953771336882564,0.0788742362956678,0.9999999999999998,4.9999999999999996e-05
fedsgd_defutil_r50_noise_s000005,noise,0.0,5e-05,3,0.1556,2.2563,2.27211965985987,0.04981527531102303,0.06246220345926813,0.9999999999999998,4.9999999999999996e-05
fedsgd_defutil_r50_noise_s000005,noise,0.0,5e-05,4,0.1609,2.231,2.25516233282558,0.04958508103229897,0.05765420770822772,0.9999999999999998,4.9999999999999996e-05
fedsgd_defutil_r50_noise_s000005,noise,0.0,5e-05,5,0.1778,2.219,2.2329193279083817,0.049264134418378173,0.05540836534682998,0.9999999999999998,4.9999999999999996e-05
fedsgd_defutil_r50_noise_s000005,noise,0.0,5e-05,6,0.1811,2.1948,2.220479146916483,0.04885375430774004,0.055166318906093276,0.9999999999999998,4.9999999999999996e-05
fedsgd_defutil_r50_noise_s000005,noise,0.0,5e-05,7,0.185,2.1868,2.202203287292203,0.04835562704028548,0.05580886452002381,0.9999999999999998,4.9999999999999996e-05
fedsgd_defutil_r50_noise_s000005,noise,0.0,5e-05,8,0.1969,2.1636,2.189140227456243,0.04777179952780443,0.057130370892335094,0.9999999999999998,4.9999999999999996e-05
fedsgd_defutil_r50_noise_s000005,noise,0.0,5e-05,9,0.1927,2.157,2.1717798504461507,0.04710467084277627,0.0583467628929584,0.9999999999999998,4.9999999999999996e-05
fedsgd_defutil_r50_noise_s000005,noise,0.0,5e-05,10,0.2103,2.1325,2.1611579722586596,0.04635698236006642,0.059082915168493066,0.9999999999999998,4.9999999999999996e-05
fedsgd_defutil_r50_noise_s000005,noise,0.0,5e-05,11,0.2003,2.1252,2.143848698582314,0.04553180649202902,0.05811926392309621,0.9999999999999998,4.9999999999999996e-05
fedsgd_defutil_r50_noise_s000005,noise,0.0,5e-05,12,0.2267,2.103,2.130011348189327,0.04463253406330553,0.05807344666638177,0.9999999999999998,4.9999999999999996e-05
fedsgd_defutil_r50_noise_s000005,noise,0.0,5e-05,13,0.2046,2.094,2.1151539324593487,0.04366286037719887,0.05548260733811201,0.9999999999999998,4.9999999999999996e-05
fedsgd_defutil_r50_noise_s000005,noise,0.0,5e-05,14,0.2361,2.0744,2.10059263749244,0.04262677003087963,0.05329079898817968,0.9999999999999998,4.9999999999999996e-05
fedsgd_defutil_r50_noise_s000005,noise,0.0,5e-05,15,0.2147,2.063,2.088794876202398,0.04152852054182151,0.04973948764522509,0.9999999999999998,4.9999999999999996e-05
fedsgd_defutil_r50_noise_s000005,noise,0.0,5e-05,16,0.2427,2.0443,2.0732157241464217,0.040372624852748826,0.04568382241142929,0.9999999999999998,4.9999999999999996e-05
fedsgd_defutil_r50_noise_s000005,noise,0.0,5e-05,17,0.2307,2.0329,2.0607432130277323,0.03916383278698681,0.04175152137888224,0.9999999999999998,4.9999999999999996e-05
fedsgd_defutil_r50_noise_s000005,noise,0.0,5e-05,18,0.2461,2.0171,2.0479129260227356,0.0379071115304188,0.03664294709110848,0.9999999999999998,4.9999999999999996e-05
fedsgd_defutil_r50_noise_s000005,noise,0.0,5e-05,19,0.2515,2.0055,2.037544258356488,0.03660762522025386,0.03266530102155639,0.9999999999999998,4.9999999999999996e-05
fedsgd_defutil_r50_noise_s000005,noise,0.0,5e-05,20,0.2527,1.9934,2.02600272254137,0.03527071372447942,0.028352490325815854,0.9999999999999998,4.9999999999999996e-05
fedsgd_defutil_r50_noise_s000005,noise,0.0,5e-05,21,0.263,1.9837,2.0155520789402352,0.033901870699198235,0.025276031385364158,0.9999999999999998,4.9999999999999996e-05
fedsgd_defutil_r50_noise_s000005,noise,0.0,5e-05,22,0.263,1.9738,2.0058066780921595,0.032506721014017075,0.02286144401499051,0.9999999999999998,4.9999999999999996e-05
fedsgd_defutil_r50_noise_s000005,noise,0.0,5e-05,23,0.2713,1.9658,1.9966828516348758,0.03109099763825104,0.021097699681321996,0.9999999999999998,4.9999999999999996e-05
fedsgd_defutil_r50_noise_s000005,noise,0.0,5e-05,24,0.2685,1.9589,1.9908395960149874,0.029660518082922846,0.019722905899069956,0.9999999999999998,4.9999999999999996e-05
fedsgd_defutil_r50_noise_s000005,noise,0.0,5e-05,25,0.272,1.9515,1.9824468580816583,0.02822116049536225,0.018627946367445865,0.9999999999999998,4.9999999999999996e-05
fedsgd_defutil_r50_noise_s000005,noise,0.0,5e-05,26,0.273,1.9453,1.9761721916547792,0.026778839504637757,0.01749692138276435,0.9999999999999998,4.9999999999999996e-05
fedsgd_defutil_r50_noise_s000005,noise,0.0,5e-05,27,0.2744,1.9391,1.9689816235482644,0.025339481917077168,0.016581010443223503,0.9999999999999998,4.9999999999999996e-05
fedsgd_defutil_r50_noise_s000005,noise,0.0,5e-05,28,0.2766,1.9342,1.9649388316488425,0.02390900236174898,0.015474113009163517,0.9999999999999998,4.9999999999999996e-05
fedsgd_defutil_r50_noise_s000005,noise,0.0,5e-05,29,0.2783,1.929,1.9590569204363535,0.02249327898598293,0.014517395907787688,0.9999999999999998,4.9999999999999996e-05
fedsgd_defutil_r50_noise_s000005,noise,0.0,5e-05,30,0.2805,1.9246,1.9546557894777825,0.021098129300801773,0.013571098964174997,0.9999999999999998,4.9999999999999996e-05
fedsgd_defutil_r50_noise_s000005,noise,0.0,5e-05,31,0.2816,1.9206,1.9515956636130602,0.019729286275520584,0.0126019846387893,0.9999999999999998,4.9999999999999996e-05
fedsgd_defutil_r50_noise_s000005,noise,0.0,5e-05,32,0.2831,1.9168,1.9469503600798022,0.018392374779746142,0.01177429376345416,0.9999999999999998,4.9999999999999996e-05
fedsgd_defutil_r50_noise_s000005,noise,0.0,5e-05,33,0.2831,1.9132,1.9432809635534114,0.017092888469581215,0.010822299067123802,0.9999999999999998,4.9999999999999996e-05
fedsgd_defutil_r50_noise_s000005,noise,0.0,5e-05,34,0.2837,1.9103,1.9396243614461148,0.01583616721301319,0.010020863698258317,0.9999999999999998,4.9999999999999996e-05
fedsgd_defutil_r50_noise_s000005,noise,0.0,5e-05,35,0.2848,1.9073,1.9359085259541757,0.014627375147251192,0.00919791234616095,0.9999999999999998,4.9999999999999996e-05
fedsgd_defutil_r50_noise_s000005,noise,0.0,5e-05,36,0.2855,1.9045,1.9337067030162727,0.013471479458178498,0.008483511456128435,0.9999999999999998,4.9999999999999996e-05
fedsgd_defutil_r50_noise_s000005,noise,0.0,5e-05,37,0.287,1.9019,1.9315645605678875,0.01237322996912037,0.007794336591308864,0.9999999999999998,4.9999999999999996e-05
fedsgd_defutil_r50_noise_s000005,noise,0.0,5e-05,38,0.2878,1.9,1.9293211921166584,0.011337139622801133,0.00705241881162107,0.9999999999999998,4.9999999999999996e-05
fedsgd_defutil_r50_noise_s000005,noise,0.0,5e-05,39,0.289,1.8977,1.9250638502479478,0.010367465936694477,0.006455788375948842,0.9999999999999998,4.9999999999999996e-05
fedsgd_defutil_r50_noise_s000005,noise,0.0,5e-05,40,0.2892,1.8962,1.9250971368148484,0.00946819350797098,0.00591779757229422,0.9999999999999998,4.9999999999999996e-05
fedsgd_defutil_r50_noise_s000005,noise,0.0,5e-05,41,0.2887,1.8947,1.9245722889095505,0.008643017639933586,0.005343202514493089,0.9999999999999998,4.9999999999999996e-05
fedsgd_defutil_r50_noise_s000005,noise,0.0,5e-05,42,0.29,1.8931,1.9206400898505618,0.007895329157223739,0.004904991653709904,0.9999999999999998,4.9999999999999996e-05
fedsgd_defutil_r50_noise_s000005,noise,0.0,5e-05,43,0.2904,1.8918,1.9213534482533146,0.0072282004721955714,0.0044878528608273075,0.9999999999999998,4.9999999999999996e-05
fedsgd_defutil_r50_noise_s000005,noise,0.0,5e-05,44,0.2929,1.8905,1.91830617937185,0.0066443729597145135,0.0041148578479057694,0.9999999999999998,4.9999999999999996e-05
fedsgd_defutil_r50_noise_s000005,noise,0.0,5e-05,45,0.2926,1.8895,1.9168984066802826,0.006146245692259956,0.0038197659239955473,0.9999999999999998,4.9999999999999996e-05
fedsgd_defutil_r50_noise_s000005,noise,0.0,5e-05,46,0.2917,1.8889,1.917033977070787,0.005735865581621837,0.003519724608906384,0.9999999999999998,4.9999999999999996e-05
fedsgd_defutil_r50_noise_s000005,noise,0.0,5e-05,47,0.293,1.8876,1.915688298548381,0.005414918967701028,0.003347531486876058,0.9999999999999998,4.9999999999999996e-05
fedsgd_defutil_r50_noise_s000005,noise,0.0,5e-05,48,0.2933,1.8863,1.9137897871513294,0.005184724688976964,0.0031979528798783807,0.9999999999999998,4.9999999999999996e-05
fedsgd_defutil_r50_noise_s000005,noise,0.0,5e-05,49,0.2936,1.8852,1.9113992954934917,0.005046228663117433,0.003113141485366126,0.9999999999999998,4.9999999999999996e-05
fedsgd_defutil_r50_noise_s000005,noise,0.0,5e-05,50,0.2938,1.8849,1.9137567078759061,0.005,0.0030756384541638536,0.9999999999999998,4.9999999999999996e-05
fedsgd_defutil_r50_clip_c005_noise_s000001,clipping_noise,0.05,1e-05,0,0.1,2.9329,,,,,
fedsgd_defutil_r50_clip_c005_noise_s000001,clipping_noise,0.05,1e-05,1,0.0932,2.3128,2.376134641778857,0.05,0.11001250353633471,0.4547238109232786,1e-05
fedsgd_defutil_r50_clip_c005_noise_s000001,clipping_noise,0.05,1e-05,2,0.1262,2.2832,2.3071605470265273,0.049953771336882564,0.05339869753070575,0.9366874031216825,1e-05
fedsgd_defutil_r50_clip_c005_noise_s000001,clipping_noise,0.05,1e-05,3,0.1506,2.2572,2.2760158670718114,0.04981527531102303,0.042899802061715855,0.9999999999999998,1e-05
fedsgd_defutil_r50_clip_c005_noise_s000001,clipping_noise,0.05,1e-05,4,0.1672,2.234,2.25497645927409,0.04958508103229897,0.039405724242991984,0.9999999999999998,1e-05
fedsgd_defutil_r50_clip_c005_noise_s000001,clipping_noise,0.05,1e-05,5,0.1794,2.2158,2.235854928437111,0.049264134418378173,0.03725794001372852,0.9999999999999998,1e-05
fedsgd_defutil_r50_clip_c005_noise_s000001,clipping_noise,0.05,1e-05,6,0.1849,2.1974,2.2195210671674026,0.04885375430774004,0.036095747887910146,0.9999999999999998,1e-05
fedsgd_defutil_r50_clip_c005_noise_s000001,clipping_noise,0.05,1e-05,7,0.1948,2.1801,2.203735700100206,0.04835562704028548,0.035663407925082165,0.9999999999999998,1e-05
fedsgd_defutil_r50_clip_c005_noise_s000001,clipping_noise,0.05,1e-05,8,0.2019,2.1634,2.1862372312016936,0.04777179952780443,0.03487772866711002,0.9999999999999998,1e-05
fedsgd_defutil_r50_clip_c005_noise_s000001,clipping_noise,0.05,1e-05,9,0.2059,2.1474,2.1711558939439133,0.04710467084277627,0.03458840931606052,0.9999999999999998,1e-05
fedsgd_defutil_r50_clip_c005_noise_s000001,clipping_noise,0.05,1e-05,10,0.2171,2.129,2.156365198793158,0.04635698236006642,0.03397469391710201,0.9999999999999998,1e-05
fedsgd_defutil_r50_clip_c005_noise_s000001,clipping_noise,0.05,1e-05,11,0.2171,2.114,2.14124693341944,0.04553180649202902,0.033378729606420285,0.9999999999999998,1e-05
fedsgd_defutil_r50_clip_c005_noise_s000001,clipping_noise,0.05,1e-05,12,0.2265,2.0974,2.1254623819752996,0.04463253406330553,0.03251064064328483,0.9999999999999998,1e-05
fedsgd_defutil_r50_clip_c005_noise_s000001,clipping_noise,0.05,1e-05,13,0.231,2.0838,2.111316638086085,0.04366286037719887,0.031537489660814065,0.9999999999999998,1e-05
fedsgd_defutil_r50_clip_c005_noise_s000001,clipping_noise,0.05,1e-05,14,0.2374,2.0697,2.0980808739781622,0.04262677003087963,0.030592402740862196,0.9999999999999998,1e-05
fedsgd_defutil_r50_clip_c005_noise_s000001,clipping_noise,0.05,1e-05,15,0.2392,2.0563,2.0863522400801893,0.04152852054182151,0.029529708810308954,0.9999999999999998,1e-05
fedsgd_defutil_r50_clip_c005_noise_s000001,clipping_noise,0.05,1e-05,16,0.243,2.0434,2.0736851347667633,0.040372624852748826,0.028355108241068315,0.9999999999999998,1e-05
fedsgd_defutil_r50_clip_c005_noise_s000001,clipping_noise,0.05,1e-05,17,0.2446,2.0321,2.061536316275805,0.03916383278698681,0.02742800792973783,0.9999999999999998,1e-05
fedsgd_defutil_r50_clip_c005_noise_s000001,clipping_noise,0.05,1e-05,18,0.2477,2.0209,2.051531403140668,0.0379071115304188,0.026178871118688267,0.9999999999999998,1e-05
fedsgd_defutil_r50_clip_c005_noise_s000001,clipping_noise,0.05,1e-05,19,0.2521,2.0107,2.042050200215852,0.03660762522025386,0.025201038465183612,0.9999999999999998,1e-05
fedsgd_defutil_r50_clip_c005_noise_s000001,clipping_noise,0.05,1e-05,20,0.2559,2.0001,2.0321486245763856,0.03527071372447942,0.024160740445298836,0.9999999999999998,1e-05
fedsgd_defutil_r50_clip_c005_noise_s000001,clipping_noise,0.05,1e-05,21,0.2582,1.9909,2.0222171715446886,0.033901870699198235,0.022993524172091148,0.9999999999999998,1e-05
fedsgd_defutil_r50_clip_c005_noise_s000001,clipping_noise,0.05,1e-05,22,0.2621,1.9814,2.0130497068218887,0.032506721014017075,0.021897068504769194,0.9999999999999998,1e-05
fedsgd_defutil_r50_clip_c005_noise_s000001,clipping_noise,0.05,1e-05,23,0.2673,1.9734,2.004043002862728,0.03109099763825104,0.0208452495748317,0.9999999999999998,1e-05
fedsgd_defutil_r50_clip_c005_noise_s000001,clipping_noise,0.05,1e-05,24,0.2685,1.9662,1.9982517884668036,0.029660518082922846,0.019693843836467835,0.9999999999999998,1e-05
fedsgd_defutil_r50_clip_c005_noise_s000001,clipping_noise,0.05,1e-05,25,0.2718,1.9591,1.9897446214416583,0.02822116049536225,0.018685532055668155,0.9999999999999998,1e-05
fedsgd_defutil_r50_clip_c005_noise_s000001,clipping_noise,0.05,1e-05,26,0.2717,1.9524,1.983425932733099,0.026778839504637757,0.017625074680002177,0.9999999999999998,1e-05
fedsgd_defutil_r50_clip_c005_noise_s000001,clipping_noise,0.05,1e-05,27,0.2745,1.946,1.975951438248411,0.025339481917077168,0.016695637515572775,0.9999999999999998,1e-05
fedsgd_defutil_r50_clip_c005_noise_s000001,clipping_noise,0.05,1e-05,28,0.2747,1.941,1.9717126065501274,0.02390900236174898,0.015509626996735158,0.9999999999999998,1e-05
fedsgd_defutil_r50_clip_c005_noise_s000001,clipping_noise,0.05,1e-05,29,0.2773,1.9356,1.9657344810485455,0.02249327898598293,0.014592178742802676,0.9999999999999998,1e-05
fedsgd_defutil_r50_clip_c005_noise_s000001,clipping_noise,0.05,1e-05,30,0.2781,1.931,1.9611631023674598,0.021098129300801773,0.01364986648149943,0.9999999999999998,1e-05
fedsgd_defutil_r50_clip_c005_noise_s000001,clipping_noise,0.05,1e-05,31,0.2791,1.9268,1.9581655291260658,0.019729286275520584,0.012681957295209078,0.9999999999999998,1e-05
fedsgd_defutil_r50_clip_c005_noise_s000001,clipping_noise,0.05,1e-05,32,0.2813,1.9229,1.9532839552725163,0.018392374779746142,0.011868263338353701,0.9999999999999998,1e-05
fedsgd_defutil_r50_clip_c005_noise_s000001,clipping_noise,0.05,1e-05,33,0.283,1.9192,1.9496681961192328,0.017092888469581215,0.010883760543302527,0.9999999999999998,1e-05
fedsgd_defutil_r50_clip_c005_noise_s000001,clipping_noise,0.05,1e-05,34,0.2833,1.9162,1.9457000631518087,0.01583616721301319,0.010125820263788084,0.9999999999999998,1e-05
fedsgd_defutil_r50_clip_c005_noise_s000001,clipping_noise,0.05,1e-05,35,0.2849,1.9131,1.9421270934037729,0.014627375147251192,0.009286828241678672,0.9999999999999998,1e-05
fedsgd_defutil_r50_clip_c005_noise_s000001,clipping_noise,0.05,1e-05,36,0.2852,1.9103,1.939866643791479,0.013471479458178498,0.008523464938010525,0.9999999999999998,1e-05
fedsgd_defutil_r50_clip_c005_noise_s000001,clipping_noise,0.05,1e-05,37,0.2862,1.9077,1.9373259421580848,0.01237322996912037,0.00781481750107593,0.9999999999999998,1e-05
fedsgd_defutil_r50_clip_c005_noise_s000001,clipping_noise,0.05,1e-05,38,0.2867,1.9058,1.9350057619381824,0.011337139622801133,0.007092733972932363,0.9999999999999998,1e-05
fedsgd_defutil_r50_clip_c005_noise_s000001,clipping_noise,0.05,1e-05,39,0.2873,1.9034,1.9308102201584538,0.010367465936694477,0.006514599929606126,0.9999999999999998,1e-05
fedsgd_defutil_r50_clip_c005_noise_s000001,clipping_noise,0.05,1e-05,40,0.2888,1.9016,1.9307146133902766,0.00946819350797098,0.005941800157299206,0.9999999999999998,1e-05
fedsgd_defutil_r50_clip_c005_noise_s000001,clipping_noise,0.05,1e-05,41,0.288,1.9003,1.930029761499748,0.008643017639933586,0.005383284405088808,0.9999999999999998,1e-05
fedsgd_defutil_r50_clip_c005_noise_s000001,clipping_noise,0.05,1e-05,42,0.2889,1.8986,1.9262711246810356,0.007895329157223739,0.004928580000203994,0.9999999999999998,1e-05
fedsgd_defutil_r50_clip_c005_noise_s000001,clipping_noise,0.05,1e-05,43,0.29,1.8972,1.9268093134404491,0.0072282004721955714,0.004517160313911957,0.9999999999999998,1e-05
fedsgd_defutil_r50_clip_c005_noise_s000001,clipping_noise,0.05,1e-05,44,0.289,1.8959,1.923614724694899,0.0066443729597145135,0.0041321660208157385,0.9999999999999998,1e-05
fedsgd_defutil_r50_clip_c005_noise_s000001,clipping_noise,0.05,1e-05,45,0.2908,1.8948,1.9221373078369952,0.006146245692259956,0.0038326248977053152,0.9999999999999998,1e-05
fedsgd_defutil_r50_clip_c005_noise_s000001,clipping_noise,0.05,1e-05,46,0.2906,1.8942,1.9223911404711014,0.005735865581621837,0.0035394973459635538,0.9999999999999998,1e-05
fedsgd_defutil_r50_clip_c005_noise_s000001,clipping_noise,0.05,1e-05,47,0.2919,1.8929,1.9208797509863744,0.005414918967701028,0.0033552100401533966,0.9999999999999998,1e-05
fedsgd_defutil_r50_clip_c005_noise_s000001,clipping_noise,0.05,1e-05,48,0.292,1.8916,1.9189173384030835,0.005184724688976964,0.0032042906332816557,0.9999999999999998,1e-05
fedsgd_defutil_r50_clip_c005_noise_s000001,clipping_noise,0.05,1e-05,49,0.2932,1.8904,1.9166901657250985,0.005046228663117433,0.0031325651076236955,0.9999999999999998,1e-05
fedsgd_defutil_r50_clip_c005_noise_s000001,clipping_noise,0.05,1e-05,50,0.2926,1.89,1.9189483439530712,0.005,0.0030933398314450344,0.9999999999999998,1e-05
fedsgd_defutil_r50_clip_c005_noise_s000005,clipping_noise,0.05,5e-05,0,0.1,2.9329,,,,,
fedsgd_defutil_r50_clip_c005_noise_s000005,clipping_noise,0.05,5e-05,1,0.0937,2.3128,2.376134641778857,0.05,0.11001250353633471,0.4547238109232786,4.9999999999999996e-05
fedsgd_defutil_r50_clip_c005_noise_s000005,clipping_noise,0.05,5e-05,2,0.1255,2.2833,2.307157064749066,0.049953771336882564,0.053376332976255964,0.937071196402131,4.9999999999999996e-05
fedsgd_defutil_r50_clip_c005_noise_s000005,clipping_noise,0.05,5e-05,3,0.1506,2.2572,2.276027649115,0.04981527531102303,0.04291505006105311,0.9999999999999998,4.9999999999999996e-05
fedsgd_defutil_r50_clip_c005_noise_s000005,clipping_noise,0.05,5e-05,4,0.1658,2.2341,2.25497124518053,0.04958508103229897,0.039384705795526435,0.9999999999999998,4.9999999999999996e-05
fedsgd_defutil_r50_clip_c005_noise_s000005,clipping_noise,0.05,5e-05,5,0.1783,2.2159,2.235861039744645,0.049264134418378173,0.03727143108958385,0.9999999999999998,4.9999999999999996e-05
fedsgd_defutil_r50_clip_c005_noise_s000005,clipping_noise,0.05,5e-05,6,0.1843,2.1976,2.219547181220298,0.04885375430774004,0.036062490542716034,0.9999999999999998,4.9999999999999996e-05
fedsgd_defutil_r50_clip_c005_noise_s000005,clipping_noise,0.05,5e-05,7,0.1933,2.1804,2.2037795375982485,0.04835562704028548,0.03565619892245475,0.9999999999999998,4.9999999999999996e-05
fedsgd_defutil_r50_clip_c005_noise_s000005,clipping_noise,0.05,5e-05,8,0.2008,2.1636,2.186241839204921,0.04777179952780443,0.0349504053638319,0.9999999999999998,4.9999999999999996e-05
fedsgd_defutil_r50_clip_c005_noise_s000005,clipping_noise,0.05,5e-05,9,0.2058,2.1474,2.1711670093831077,0.04710467084277627,0.034562350328596475,0.9999999999999998,4.9999999999999996e-05
fedsgd_defutil_r50_clip_c005_noise_s000005,clipping_noise,0.05,5e-05,10,0.2169,2.1291,2.156402481598308,0.04635698236006642,0.03393987821055279,0.9999999999999998,4.9999999999999996e-05
fedsgd_defutil_r50_clip_c005_noise_s000005,clipping_noise,0.05,5e-05,11,0.2173,2.114,2.141211753046759,0.04553180649202902,0.033322895139651754,0.9999999999999998,4.9999999999999996e-05
fedsgd_defutil_r50_clip_c005_noise_s000005,clipping_noise,0.05,5e-05,12,0.2264,2.0975,2.1254846785174495,0.04463253406330553,0.03254749947793112,0.9999999999999998,4.9999999999999996e-05
fedsgd_defutil_r50_clip_c005_noise_s000005,clipping_noise,0.05,5e-05,13,0.2291,2.084,2.111358446397509,0.04366286037719887,0.0316235776215753,0.9999999999999998,4.9999999999999996e-05
fedsgd_defutil_r50_clip_c005_noise_s000005,clipping_noise,0.05,5e-05,14,0.2378,2.07,2.0981279868913645,0.04262677003087963,0.0305285290311764,0.9999999999999998,4.9999999999999996e-05
fedsgd_defutil_r50_clip_c005_noise_s000005,clipping_noise,0.05,5e-05,15,0.2379,2.0565,2.0863650796580204,0.04152852054182151,0.02948936719433031,0.9999999999999998,4.9999999999999996e-05
fedsgd_defutil_r50_clip_c005_noise_s000005,clipping_noise,0.05,5e-05,16,0.2433,2.0439,2.07377201164059,0.040372624852748826,0.028260327750391587,0.9999999999999998,4.9999999999999996e-05
fedsgd_defutil_r50_clip_c005_noise_s000005,clipping_noise,0.05,5e-05,17,0.2446,2.0327,2.0615790273327903,0.03916383278698681,0.02736526637333585,0.9999999999999998,4.9999999999999996e-05
fedsgd_defutil_r50_clip_c005_noise_s000005,clipping_noise,0.05,5e-05,18,0.2477,2.0211,2.0516797563148574,0.0379071115304188,0.026173699964971337,0.9999999999999998,4.9999999999999996e-05
fedsgd_defutil_r50_clip_c005_noise_s000005,clipping_noise,0.05,5e-05,19,0.2515,2.0109,2.0420838172951123,0.03660762522025386,0.025288905071889,0.9999999999999998,4.9999999999999996e-05
fedsgd_defutil_r50_clip_c005_noise_s000005,clipping_noise,0.05,5e-05,20,0.255,2.0003,2.0323077326828534,0.03527071372447942,0.024119095199940408,0.9999999999999998,4.9999999999999996e-05
fedsgd_defutil_r50_clip_c005_noise_s000005,clipping_noise,0.05,5e-05,21,0.2578,1.9911,2.02240490318507,0.033901870699198235,0.02307178922584496,0.9999999999999998,4.9999999999999996e-05
fedsgd_defutil_r50_clip_c005_noise_s000005,clipping_noise,0.05,5e-05,22,0.2623,1.9818,2.0131666104408126,0.032506721014017075,0.02190053494280838,0.9999999999999998,4.9999999999999996e-05
fedsgd_defutil_r50_clip_c005_noise_s000005,clipping_noise,0.05,5e-05,23,0.2666,1.9737,2.004238500947493,0.03109099763825104,0.020818743353079136,0.9999999999999998,4.9999999999999996e-05
fedsgd_defutil_r50_clip_c005_noise_s000005,clipping_noise,0.05,5e-05,24,0.268,1.9665,1.99827182306648,0.029660518082922846,0.019708127656855524,0.9999999999999998,4.9999999999999996e-05
fedsgd_defutil_r50_clip_c005_noise_s000005,clipping_noise,0.05,5e-05,25,0.2706,1.9594,1.9897757447763134,0.02822116049536225,0.018681400296596314,0.9999999999999998,4.9999999999999996e-05
fedsgd_defutil_r50_clip_c005_noise_s000005,clipping_noise,0.05,5e-05,26,0.2719,1.9527,1.9833738913660772,0.026778839504637757,0.01755505728331524,0.9999999999999998,4.9999999999999996e-05
fedsgd_defutil_r50_clip_c005_noise_s000005,clipping_noise,0.05,5e-05,27,0.273,1.9462,1.9760819050340488,0.025339481917077168,0.016662737629809205,0.9999999999999998,4.9999999999999996e-05
fedsgd_defutil_r50_clip_c005_noise_s000005,clipping_noise,0.05,5e-05,28,0.2744,1.9413,1.9719117704084668,0.02390900236174898,0.01553011656686149,0.9999999999999998,4.9999999999999996e-05
fedsgd_defutil_r50_clip_c005_noise_s000005,clipping_noise,0.05,5e-05,29,0.2766,1.9358,1.9658277459046596,0.02249327898598293,0.014609564719403612,0.9999999999999998,4.9999999999999996e-05
fedsgd_defutil_r50_clip_c005_noise_s000005,clipping_noise,0.05,5e-05,30,0.2775,1.9311,1.9613915123494365,0.021098129300801773,0.013589295341808683,0.9999999999999998,4.9999999999999996e-05
fedsgd_defutil_r50_clip_c005_noise_s000005,clipping_noise,0.05,5e-05,31,0.2791,1.9271,1.9581995295061994,0.019729286275520584,0.012695885008095107,0.9999999999999998,4.9999999999999996e-05
fedsgd_defutil_r50_clip_c005_noise_s000005,clipping_noise,0.05,5e-05,32,0.2806,1.9232,1.9534782848570835,0.018392374779746142,0.011858646225436975,0.9999999999999998,4.9999999999999996e-05
fedsgd_defutil_r50_clip_c005_noise_s000005,clipping_noise,0.05,5e-05,33,0.2816,1.9195,1.9497037234082926,0.017092888469581215,0.010845007458449792,0.9999999999999998,4.9999999999999996e-05
fedsgd_defutil_r50_clip_c005_noise_s000005,clipping_noise,0.05,5e-05,34,0.2819,1.9166,1.9459097344038805,0.01583616721301319,0.010085751818425671,0.9999999999999998,4.9999999999999996e-05
fedsgd_defutil_r50_clip_c005_noise_s000005,clipping_noise,0.05,5e-05,35,0.2825,1.9136,1.9421555586675208,0.014627375147251192,0.009258353472423958,0.9999999999999998,4.9999999999999996e-05
fedsgd_defutil_r50_clip_c005_noise_s000005,clipping_noise,0.05,5e-05,36,0.2839,1.9106,1.9398710971009976,0.013471479458178498,0.008512867405348238,0.9999999999999998,4.9999999999999996e-05
fedsgd_defutil_r50_clip_c005_noise_s000005,clipping_noise,0.05,5e-05,37,0.285,1.908,1.9375958998946343,0.01237322996912037,0.007810932525267676,0.9999999999999998,4.9999999999999996e-05
fedsgd_defutil_r50_clip_c005_noise_s000005,clipping_noise,0.05,5e-05,38,0.2851,1.9061,1.935228956777505,0.011337139622801133,0.007111841661335781,0.9999999999999998,4.9999999999999996e-05
fedsgd_defutil_r50_clip_c005_noise_s000005,clipping_noise,0.05,5e-05,39,0.287,1.9038,1.9310733571613576,0.010367465936694477,0.0064830643703049085,0.9999999999999998,4.9999999999999996e-05
fedsgd_defutil_r50_clip_c005_noise_s000005,clipping_noise,0.05,5e-05,40,0.2871,1.9021,1.9310276868480574,0.00946819350797098,0.00593847702067103,0.9999999999999998,4.9999999999999996e-05
fedsgd_defutil_r50_clip_c005_noise_s000005,clipping_noise,0.05,5e-05,41,0.2873,1.9007,1.9303616922350788,0.008643017639933586,0.005363831064279684,0.9999999999999998,4.9999999999999996e-05
fedsgd_defutil_r50_clip_c005_noise_s000005,clipping_noise,0.05,5e-05,42,0.288,1.899,1.926449724385557,0.007895329157223739,0.004896742225667884,0.9999999999999998,4.9999999999999996e-05
fedsgd_defutil_r50_clip_c005_noise_s000005,clipping_noise,0.05,5e-05,43,0.288,1.8977,1.9270897320290974,0.0072282004721955714,0.004506928027333724,0.9999999999999998,4.9999999999999996e-05
fedsgd_defutil_r50_clip_c005_noise_s000005,clipping_noise,0.05,5e-05,44,0.2896,1.8963,1.9240984683263551,0.0066443729597145135,0.004133359547356125,0.9999999999999998,4.9999999999999996e-05
fedsgd_defutil_r50_clip_c005_noise_s000005,clipping_noise,0.05,5e-05,45,0.2906,1.8953,1.9226132030993486,0.006146245692259956,0.0038188468666561035,0.9999999999999998,4.9999999999999996e-05
fedsgd_defutil_r50_clip_c005_noise_s000005,clipping_noise,0.05,5e-05,46,0.2891,1.8946,1.9227573464969332,0.005735865581621837,0.0035380487373461783,0.9999999999999998,4.9999999999999996e-05
fedsgd_defutil_r50_clip_c005_noise_s000005,clipping_noise,0.05,5e-05,47,0.291,1.8934,1.9213984176286298,0.005414918967701028,0.00334069707862449,0.9999999999999998,4.9999999999999996e-05
fedsgd_defutil_r50_clip_c005_noise_s000005,clipping_noise,0.05,5e-05,48,0.2915,1.892,1.9194223697295552,0.005184724688976964,0.0032024664645575896,0.9999999999999998,4.9999999999999996e-05
fedsgd_defutil_r50_clip_c005_noise_s000005,clipping_noise,0.05,5e-05,49,0.292,1.8909,1.917119028139212,0.005046228663117433,0.0031365611104922308,0.9999999999999998,4.9999999999999996e-05
fedsgd_defutil_r50_clip_c005_noise_s000005,clipping_noise,0.05,5e-05,50,0.291,1.8906,1.9194008011157242,0.005,0.003092931825755401,0.9999999999999998,4.9999999999999996e-05
fedsgd_defutil_r50_noise_s0002_extreme,noise_extreme,0.0,0.002,0,0.1,2.9329,,,,,
fedsgd_defutil_r50_noise_s0002_extreme,noise_extreme,0.0,0.002,1,0.1042,2.3249,2.376134641778857,0.05,0.11001250353633471,0.9999999999999998,0.002
fedsgd_defutil_r50_noise_s0002_extreme,noise_extreme,0.0,0.002,2,0.128,2.2813,2.3150695559680328,0.049953771336882564,0.07965961440259907,0.9999999999999998,0.002
fedsgd_defutil_r50_noise_s0002_extreme,noise_extreme,0.0,0.002,3,0.1547,2.2587,2.272709102164245,0.04981527531102303,0.06296936981352046,0.9999999999999998,0.002
fedsgd_defutil_r50_noise_s0002_extreme,noise_extreme,0.0,0.002,4,0.1605,2.2338,2.2555493001872535,0.04958508103229897,0.058094401944107726,0.9999999999999998,0.002
fedsgd_defutil_r50_noise_s0002_extreme,noise_extreme,0.0,0.002,5,0.1699,2.223,2.2340591864989063,0.049264134418378173,0.05561341945605565,0.9999999999999998,0.002
fedsgd_defutil_r50_noise_s0002_extreme,noise_extreme,0.0,0.002,6,0.1728,2.1982,2.2223427712103683,0.04885375430774004,0.05470263257466621,0.9999999999999998,0.002
fedsgd_defutil_r50_noise_s0002_extreme,noise_extreme,0.0,0.002,7,0.1833,2.1916,2.2046432529928044,0.04835562704028548,0.05487475044162155,0.9999999999999998,0.002
fedsgd_defutil_r50_noise_s0002_extreme,noise_extreme,0.0,0.002,8,0.1888,2.1673,2.192649204889902,0.04777179952780443,0.05517450667645024,0.9999999999999998,0.002
fedsgd_defutil_r50_noise_s0002_extreme,noise_extreme,0.0,0.002,9,0.1965,2.1635,2.1768013760413973,0.04710467084277627,0.05662648235161076,0.9999999999999998,0.002
fedsgd_defutil_r50_noise_s0002_extreme,noise_extreme,0.0,0.002,10,0.2063,2.1378,2.167733754472224,0.04635698236006642,0.05542960424043056,0.9999999999999998,0.002
fedsgd_defutil_r50_noise_s0002_extreme,noise_extreme,0.0,0.002,11,0.2054,2.1352,2.152417790014104,0.04553180649202902,0.055622059201416635,0.9999999999999998,0.002
fedsgd_defutil_r50_noise_s0002_extreme,noise_extreme,0.0,0.002,12,0.2225,2.111,2.14197865893432,0.04463253406330553,0.05361221199484058,0.9999999999999998,0.002
fedsgd_defutil_r50_noise_s0002_extreme,noise_extreme,0.0,0.002,13,0.2047,2.1072,2.1296550439437563,0.04366286037719887,0.052215770121582405,0.9999999999999998,0.002
fedsgd_defutil_r50_noise_s0002_extreme,noise_extreme,0.0,0.002,14,0.2394,2.0844,2.1182032582330566,0.04262677003087963,0.04826006605268222,0.9999999999999998,0.002
fedsgd_defutil_r50_noise_s0002_extreme,noise_extreme,0.0,0.002,15,0.2163,2.0804,2.1071810203287873,0.04152852054182151,0.04592262423468328,0.9999999999999998,0.002
fedsgd_defutil_r50_noise_s0002_extreme,noise_extreme,0.0,0.002,16,0.2465,2.0598,2.0961846767875505,0.040372624852748826,0.041043003121625364,0.9999999999999998,0.002
fedsgd_defutil_r50_noise_s0002_extreme,noise_extreme,0.0,0.002,17,0.2287,2.0561,2.087450934312386,0.03916383278698681,0.03892588288600048,0.9999999999999998,0.002
fedsgd_defutil_r50_noise_s0002_extreme,noise_extreme,0.0,0.002,18,0.2505,2.039,2.0789240562854405,0.0379071115304188,0.03373178129244464,0.9999999999999998,0.002
fedsgd_defutil_r50_noise_s0002_extreme,noise_extreme,0.0,0.002,19,0.2393,2.0358,2.0718224719677147,0.03660762522025386,0.03147464236076447,0.9999999999999998,0.002
fedsgd_defutil_r50_noise_s0002_extreme,noise_extreme,0.0,0.002,20,0.252,2.0245,2.063902919867902,0.03527071372447942,0.02803336177980575,0.9999999999999998,0.002
fedsgd_defutil_r50_noise_s0002_extreme,noise_extreme,0.0,0.002,21,0.2459,2.0213,2.0569492684667647,0.033901870699198235,0.02634517491549102,0.9999999999999998,0.002
fedsgd_defutil_r50_noise_s0002_extreme,noise_extreme,0.0,0.002,22,0.2509,2.0147,2.053034650414543,0.032506721014017075,0.02430940980999869,0.9999999999999998,0.002
fedsgd_defutil_r50_noise_s0002_extreme,noise_extreme,0.0,0.002,23,0.2491,2.0124,2.0486293634692876,0.03109099763825104,0.023215354530658507,0.9999999999999998,0.002
fedsgd_defutil_r50_noise_s0002_extreme,noise_extreme,0.0,0.002,24,0.2485,2.0087,2.0453987286099076,0.029660518082922846,0.02203852292144671,0.9999999999999998,0.002
fedsgd_defutil_r50_noise_s0002_extreme,noise_extreme,0.0,0.002,25,0.2499,2.006,2.0416259123293234,0.02822116049536225,0.021001184999788546,0.9999999999999998,0.002
fedsgd_defutil_r50_noise_s0002_extreme,noise_extreme,0.0,0.002,26,0.2492,2.0039,2.039340542533337,0.026778839504637757,0.0201069157957305,0.9999999999999998,0.002
fedsgd_defutil_r50_noise_s0002_extreme,noise_extreme,0.0,0.002,27,0.2486,2.0023,2.035648008472735,0.025339481917077168,0.01933876382333886,0.9999999999999998,0.002
fedsgd_defutil_r50_noise_s0002_extreme,noise_extreme,0.0,0.002,28,0.2496,2.0009,2.0385917587944067,0.02390900236174898,0.018055828397586824,0.9999999999999998,0.002
fedsgd_defutil_r50_noise_s0002_extreme,noise_extreme,0.0,0.002,29,0.2498,1.9998,2.036692395485176,0.02249327898598293,0.017216448707368125,0.9999999999999998,0.002
fedsgd_defutil_r50_noise_s0002_extreme,noise_extreme,0.0,0.002,30,0.2509,2.0001,2.035553817647929,0.021098129300801773,0.01604802313561706,0.9999999999999998,0.002
fedsgd_defutil_r50_noise_s0002_extreme,noise_extreme,0.0,0.002,31,0.2516,1.9995,2.0381945152689003,0.019729286275520584,0.015222114269539755,0.9999999999999998,0.002
fedsgd_defutil_r50_noise_s0002_extreme,noise_extreme,0.0,0.002,32,0.2533,2.0006,2.0395761416240825,0.018392374779746142,0.014400370864778692,0.9999999999999998,0.002
fedsgd_defutil_r50_noise_s0002_extreme,noise_extreme,0.0,0.002,33,0.2517,2.0008,2.0376283898461587,0.017092888469581215,0.013378487530914314,0.9999999999999998,0.002
fedsgd_defutil_r50_noise_s0002_extreme,noise_extreme,0.0,0.002,34,0.2542,2.0023,2.040456787634685,0.01583616721301319,0.012516076340695815,0.9999999999999998,0.002
fedsgd_defutil_r50_noise_s0002_extreme,noise_extreme,0.0,0.002,35,0.2544,2.0038,2.0403251538271188,0.014627375147251192,0.011667816543747569,0.9999999999999998,0.002
fedsgd_defutil_r50_noise_s0002_extreme,noise_extreme,0.0,0.002,36,0.2544,2.0054,2.043686409593612,0.013471479458178498,0.010860529237681688,0.9999999999999998,0.002
fedsgd_defutil_r50_noise_s0002_extreme,noise_extreme,0.0,0.002,37,0.2514,2.008,2.0459585331447054,0.01237322996912037,0.010286817938213056,0.9999999999999998,0.002
fedsgd_defutil_r50_noise_s0002_extreme,noise_extreme,0.0,0.002,38,0.2517,2.0099,2.048392932589897,0.011337139622801133,0.00941135206421985,0.9999999999999998,0.002
fedsgd_defutil_r50_noise_s0002_extreme,noise_extreme,0.0,0.002,39,0.2547,2.0129,2.0514319432879145,0.010367465936694477,0.008745700543534652,0.9999999999999998,0.002
fedsgd_defutil_r50_noise_s0002_extreme,noise_extreme,0.0,0.002,40,0.2516,2.0164,2.053333314801879,0.00946819350797098,0.008188190514250567,0.9999999999999998,0.002
fedsgd_defutil_r50_noise_s0002_extreme,noise_extreme,0.0,0.002,41,0.2506,2.0199,2.0568718691576513,0.008643017639933586,0.007640596344606275,0.9999999999999998,0.002
fedsgd_defutil_r50_noise_s0002_extreme,noise_extreme,0.0,0.002,42,0.2488,2.0237,2.0589801109852246,0.007895329157223739,0.007171210776429594,0.9999999999999998,0.002
fedsgd_defutil_r50_noise_s0002_extreme,noise_extreme,0.0,0.002,43,0.245,2.0277,2.0648683633522498,0.0072282004721955714,0.0066230356612774245,0.9999999999999998,0.002
fedsgd_defutil_r50_noise_s0002_extreme,noise_extreme,0.0,0.002,44,0.2437,2.0325,2.066809862433353,0.0066443729597145135,0.006239339939260247,0.9999999999999998,0.002
fedsgd_defutil_r50_noise_s0002_extreme,noise_extreme,0.0,0.002,45,0.2409,2.0372,2.071228930852289,0.006146245692259956,0.005880728940624705,0.9999999999999998,0.002
fedsgd_defutil_r50_noise_s0002_extreme,noise_extreme,0.0,0.002,46,0.2413,2.0418,2.074499310550168,0.005735865581621837,0.005626044880968631,0.9999999999999998,0.002
fedsgd_defutil_r50_noise_s0002_extreme,noise_extreme,0.0,0.002,47,0.2382,2.0463,2.080281984222502,0.005414918967701028,0.005454908627471393,0.9999999999999998,0.002
fedsgd_defutil_r50_noise_s0002_extreme,noise_extreme,0.0,0.002,48,0.2359,2.0512,2.0849421209463794,0.005184724688976964,0.00533112254990268,0.9999999999999998,0.002
fedsgd_defutil_r50_noise_s0002_extreme,noise_extreme,0.0,0.002,49,0.2313,2.0564,2.0885501205697645,0.005046228663117433,0.005287747654717491,0.9999999999999998,0.002
fedsgd_defutil_r50_noise_s0002_extreme,noise_extreme,0.0,0.002,50,0.2307,2.0612,2.094620751669374,0.005,0.005325155463669944,0.9999999999999998,0.002
